"#   HERMES Collaboration, A. Airapetian et al., JHEP12(2020)010  ",,,,,,,,,,,,,,,,
"#  A_UT^sin(phi+phis)/e SFA SSA in 3D bins of x, z, Pt",,,,,,,,,,,,,,,,
#,,,,,,,,,,,,,,,,
particle,x_lower,x_upper,z_lower,z_upper,pT_lower,pT_upper,Q^2,Q,x,y,z,pT,e,Collins_asym,stat_u,syst_u
pi+,0.023,0.072,0.2,0.28,0,0.23,1.463,1.2095,0.052,0.561,0.236,0.151,0.708,-0.023663,0.037526,0.015787
pi+,0.023,0.072,0.2,0.28,0.23,0.36,1.514,1.2304,0.048,0.632,0.235,0.298,0.619,-0.002118,0.023739,0.006711
pi+,0.023,0.072,0.2,0.28,0.36,0.54,1.543,1.2422,0.046,0.673,0.237,0.443,0.564,0.023499,0.0175,0.005671
pi+,0.023,0.072,0.2,0.28,0.54,2,1.593,1.2621,0.043,0.73,0.242,0.655,0.483,0.019656,0.029661,0.001977
pi+,0.023,0.072,0.28,0.37,0,0.23,1.432,1.1967,0.054,0.525,0.32,0.15,0.75,-0.042461,0.040381,0.003046
pi+,0.023,0.072,0.28,0.37,0.23,0.36,1.484,1.2182,0.05,0.595,0.32,0.297,0.665,0.032543,0.0609,0.018224
pi+,0.023,0.072,0.28,0.37,0.36,0.54,1.518,1.2321,0.047,0.64,0.32,0.449,0.607,0.027272,0.023911,0.002442
pi+,0.023,0.072,0.28,0.37,0.54,2,1.56,1.249,0.045,0.692,0.323,0.699,0.536,0.046925,0.02331,0.003105
pi+,0.023,0.072,0.37,0.49,0,0.23,1.401,1.1836,0.055,0.504,0.422,0.151,0.775,-0.001015,0.04405,0.005101
pi+,0.023,0.072,0.37,0.49,0.23,0.36,1.451,1.2046,0.051,0.563,0.422,0.298,0.705,-0.058893,0.076425,0.008179
pi+,0.023,0.072,0.37,0.49,0.36,0.54,1.492,1.2215,0.049,0.609,0.423,0.447,0.648,0.044388,0.051023,0.005117
pi+,0.023,0.072,0.37,0.49,0.54,2,1.54,1.241,0.046,0.668,0.425,0.747,0.569,0.051346,0.023474,0.006541
pi+,0.023,0.072,0.49,0.7,0,0.23,1.377,1.1735,0.056,0.488,0.579,0.151,0.793,-0.013521,0.046866,0.008581
pi+,0.023,0.072,0.49,0.7,0.23,0.36,1.407,1.1862,0.053,0.529,0.578,0.298,0.745,0.070838,0.072306,0.024153
pi+,0.023,0.072,0.49,0.7,0.36,0.54,1.449,1.2037,0.051,0.571,0.577,0.448,0.695,0.022213,0.076625,0.011191
pi+,0.023,0.072,0.49,0.7,0.54,2,1.513,1.23,0.048,0.633,0.577,0.786,0.618,-0.019139,0.030645,0.010217
pi+,0.072,0.098,0.2,0.28,0,0.23,2.102,1.4498,0.084,0.484,0.239,0.14,0.792,0.032277,0.031764,0.003192
pi+,0.072,0.098,0.2,0.28,0.23,0.36,2.387,1.545,0.084,0.55,0.238,0.295,0.721,0.017627,0.035663,0.001075
pi+,0.072,0.098,0.2,0.28,0.36,0.54,2.471,1.5719,0.084,0.572,0.239,0.441,0.692,-0.01431,0.031042,0.004552
pi+,0.072,0.098,0.2,0.28,0.54,2,2.732,1.6529,0.084,0.633,0.244,0.643,0.62,0.052564,0.06378,0.006063
pi+,0.072,0.098,0.28,0.37,0,0.23,1.893,1.3759,0.084,0.434,0.321,0.142,0.834,0.086126,0.031113,0.004707
pi+,0.072,0.098,0.28,0.37,0.23,0.36,2.143,1.4639,0.084,0.492,0.322,0.293,0.778,-0.028208,0.053512,0.007009
pi+,0.072,0.098,0.28,0.37,0.36,0.54,2.297,1.5156,0.084,0.53,0.321,0.444,0.736,-0.012067,0.033906,0.001739
pi+,0.072,0.098,0.28,0.37,0.54,2,2.51,1.5843,0.084,0.581,0.325,0.676,0.678,-0.089974,0.043146,0.005482
pi+,0.072,0.098,0.37,0.49,0,0.23,1.833,1.3539,0.085,0.42,0.423,0.146,0.846,-0.104608,0.033793,0.001499
pi+,0.072,0.098,0.37,0.49,0.23,0.36,1.986,1.4093,0.085,0.455,0.424,0.293,0.812,-0.040993,0.050105,0.002229
pi+,0.072,0.098,0.37,0.49,0.36,0.54,2.178,1.4758,0.084,0.502,0.425,0.443,0.766,0.006343,0.054549,0.005991
pi+,0.072,0.098,0.37,0.49,0.54,2,2.383,1.5437,0.084,0.551,0.427,0.719,0.711,0.020197,0.037709,0.001943
pi+,0.072,0.098,0.49,0.7,0,0.23,1.778,1.3334,0.085,0.407,0.578,0.148,0.857,-0.01756,0.038751,0.007486
pi+,0.072,0.098,0.49,0.7,0.23,0.36,1.866,1.366,0.085,0.427,0.58,0.295,0.838,-0.0446,0.044625,0.013577
pi+,0.072,0.098,0.49,0.7,0.36,0.54,2.015,1.4195,0.084,0.463,0.583,0.443,0.806,0.056704,0.058274,0.009807
pi+,0.072,0.098,0.49,0.7,0.54,2,2.294,1.5146,0.084,0.53,0.583,0.754,0.736,0.06311,0.042192,0.018792
pi+,0.098,0.138,0.2,0.28,0,0.23,2.862,1.6917,0.116,0.477,0.239,0.139,0.799,0.055034,0.026897,0.004335
pi+,0.098,0.138,0.2,0.28,0.23,0.36,3.18,1.7833,0.116,0.532,0.239,0.292,0.742,0.061943,0.036423,0.0013
pi+,0.098,0.138,0.2,0.28,0.36,0.54,3.263,1.8064,0.115,0.547,0.239,0.441,0.721,0.032534,0.035068,0.00413
pi+,0.098,0.138,0.2,0.28,0.54,2,3.527,1.878,0.115,0.593,0.244,0.638,0.67,0.089967,0.075914,0.007992
pi+,0.098,0.138,0.28,0.37,0,0.23,2.533,1.5915,0.116,0.422,0.322,0.143,0.843,-0.024469,0.026472,0.0068
pi+,0.098,0.138,0.28,0.37,0.23,0.36,2.813,1.6772,0.116,0.469,0.323,0.291,0.799,0.006966,0.041101,0.006171
pi+,0.098,0.138,0.28,0.37,0.36,0.54,3.033,1.7416,0.116,0.508,0.322,0.442,0.759,-0.000979,0.036027,0.008977
pi+,0.098,0.138,0.28,0.37,0.54,2,3.211,1.7919,0.115,0.539,0.325,0.672,0.725,0.110984,0.049755,0.00131
pi+,0.098,0.138,0.37,0.49,0,0.23,2.411,1.5527,0.116,0.402,0.423,0.148,0.857,0.049968,0.030006,0.00276
pi+,0.098,0.138,0.37,0.49,0.23,0.36,2.51,1.5843,0.116,0.418,0.426,0.293,0.841,0.093632,0.036367,0.011428
pi+,0.098,0.138,0.37,0.49,0.36,0.54,2.841,1.6855,0.116,0.475,0.427,0.441,0.791,0.097617,0.045155,0.011965
pi+,0.098,0.138,0.37,0.49,0.54,2,3.112,1.7641,0.116,0.521,0.427,0.716,0.741,0.085483,0.040397,0.00893
pi+,0.098,0.138,0.49,0.7,0,0.23,2.384,1.544,0.116,0.398,0.577,0.151,0.862,0.0356,0.035021,0.004197
pi+,0.098,0.138,0.49,0.7,0.23,0.36,2.396,1.5479,0.116,0.4,0.579,0.296,0.858,0.0555,0.035825,0.009447
pi+,0.098,0.138,0.49,0.7,0.36,0.54,2.549,1.5966,0.116,0.426,0.582,0.441,0.835,-0.020868,0.039641,0.011924
pi+,0.098,0.138,0.49,0.7,0.54,2,2.983,1.7271,0.115,0.5,0.584,0.742,0.765,0.019658,0.040418,0.010203
pi+,0.138,0.6,0.2,0.28,0,0.23,4.948,2.2244,0.205,0.467,0.239,0.141,0.811,0.027213,0.021014,0.005225
pi+,0.138,0.6,0.2,0.28,0.23,0.36,5.256,2.2926,0.214,0.486,0.241,0.29,0.79,0.016665,0.030651,0.006107
pi+,0.138,0.6,0.2,0.28,0.36,0.54,5.21,2.2825,0.207,0.497,0.24,0.44,0.776,0.024041,0.041666,0.004398
pi+,0.138,0.6,0.2,0.28,0.54,2,5.422,2.3285,0.209,0.515,0.244,0.637,0.759,0.153637,0.129073,0.000975
pi+,0.138,0.6,0.28,0.37,0,0.23,4.481,2.1168,0.201,0.428,0.321,0.147,0.841,0.023745,0.022414,0.005665
pi+,0.138,0.6,0.28,0.37,0.23,0.36,4.641,2.1543,0.21,0.43,0.323,0.292,0.835,-0.017966,0.028945,0.007762
pi+,0.138,0.6,0.28,0.37,0.36,0.54,4.886,2.2104,0.211,0.457,0.324,0.439,0.81,0.013675,0.03421,0.006711
pi+,0.138,0.6,0.28,0.37,0.54,2,4.932,2.2208,0.205,0.474,0.325,0.671,0.793,0.070501,0.061459,0.005459
pi+,0.138,0.6,0.37,0.49,0,0.23,4.384,2.0938,0.201,0.419,0.422,0.15,0.847,0.060307,0.025828,0.007151
pi+,0.138,0.6,0.37,0.49,0.23,0.36,4.384,2.0938,0.205,0.413,0.424,0.294,0.85,0.077337,0.029071,5.90E-05
pi+,0.138,0.6,0.37,0.49,0.36,0.54,4.646,2.1555,0.21,0.432,0.427,0.438,0.832,0.015297,0.032303,0.00393
pi+,0.138,0.6,0.37,0.49,0.54,2,4.84,2.2,0.205,0.466,0.427,0.704,0.799,-0.057511,0.043092,0.009962
pi+,0.138,0.6,0.49,0.7,0,0.23,4.333,2.0816,0.2,0.414,0.575,0.153,0.852,0.045113,0.030533,0.011467
pi+,0.138,0.6,0.49,0.7,0.23,0.36,4.281,2.0691,0.2,0.41,0.577,0.296,0.852,0.055187,0.031522,0.006662
pi+,0.138,0.6,0.49,0.7,0.36,0.54,4.411,2.1002,0.206,0.413,0.58,0.444,0.848,0.064114,0.030612,0.001398
pi+,0.138,0.6,0.49,0.7,0.54,2,4.822,2.1959,0.209,0.454,0.587,0.723,0.811,0.048417,0.034592,0.003067
pi-,0.023,0.072,0.2,0.28,0,0.23,1.458,1.2075,0.052,0.561,0.236,0.152,0.709,-0.010621,0.043241,0.00049
pi-,0.023,0.072,0.2,0.28,0.23,0.36,1.51,1.2288,0.047,0.636,0.234,0.298,0.613,-0.006615,0.025959,0.000702
pi-,0.023,0.072,0.2,0.28,0.36,0.54,1.533,1.2381,0.045,0.674,0.236,0.443,0.561,-0.033996,0.019722,0.003609
pi-,0.023,0.072,0.2,0.28,0.54,2,1.581,1.2574,0.043,0.729,0.241,0.658,0.483,-0.043565,0.032918,0.003733
pi-,0.023,0.072,0.28,0.37,0,0.23,1.43,1.1958,0.054,0.527,0.32,0.15,0.748,-0.041778,0.046855,0.00237
pi-,0.023,0.072,0.28,0.37,0.23,0.36,1.477,1.2153,0.049,0.597,0.32,0.296,0.662,-0.115026,0.07104,0.004949
pi-,0.023,0.072,0.28,0.37,0.36,0.54,1.505,1.2268,0.047,0.643,0.319,0.449,0.603,-0.046751,0.026513,0.003788
pi-,0.023,0.072,0.28,0.37,0.54,2,1.551,1.2454,0.045,0.692,0.323,0.703,0.536,-0.017072,0.025953,0.006002
pi-,0.023,0.072,0.37,0.49,0,0.23,1.398,1.1824,0.055,0.505,0.422,0.152,0.774,-0.058461,0.051384,0.009103
pi-,0.023,0.072,0.37,0.49,0.23,0.36,1.446,1.2025,0.051,0.566,0.423,0.298,0.701,0.092633,0.088557,0.001352
pi-,0.023,0.072,0.37,0.49,0.36,0.54,1.488,1.2198,0.048,0.615,0.423,0.448,0.64,-0.020858,0.054704,0.002658
pi-,0.023,0.072,0.37,0.49,0.54,2,1.527,1.2357,0.046,0.669,0.424,0.749,0.568,-0.025143,0.027147,0.000978
pi-,0.023,0.072,0.49,0.7,0,0.23,1.371,1.1709,0.056,0.487,0.579,0.151,0.794,0.037601,0.051999,0.005594
pi-,0.023,0.072,0.49,0.7,0.23,0.36,1.409,1.187,0.053,0.532,0.58,0.298,0.743,0.017465,0.084404,0.00057
pi-,0.023,0.072,0.49,0.7,0.36,0.54,1.439,1.1996,0.05,0.575,0.578,0.446,0.691,-0.054006,0.09585,0.005451
pi-,0.023,0.072,0.49,0.7,0.54,2,1.508,1.228,0.047,0.638,0.573,0.785,0.611,-0.054081,0.036316,0.006324
pi-,0.072,0.098,0.2,0.28,0,0.23,2.104,1.4505,0.084,0.484,0.239,0.14,0.791,0.042052,0.036007,0.007268
pi-,0.072,0.098,0.2,0.28,0.23,0.36,2.369,1.5392,0.084,0.547,0.237,0.294,0.724,0.005898,0.039709,0.002453
pi-,0.072,0.098,0.2,0.28,0.36,0.54,2.456,1.5672,0.084,0.569,0.238,0.44,0.695,-0.010689,0.035361,0.007459
pi-,0.072,0.098,0.2,0.28,0.54,2,2.723,1.6502,0.083,0.632,0.244,0.644,0.622,-0.037598,0.071774,0.015584
pi-,0.072,0.098,0.28,0.37,0,0.23,1.884,1.3726,0.084,0.432,0.321,0.142,0.836,0.00606,0.036209,0.001848
pi-,0.072,0.098,0.28,0.37,0.23,0.36,2.126,1.4581,0.084,0.49,0.322,0.292,0.779,-0.003943,0.064164,0.000197
pi-,0.072,0.098,0.28,0.37,0.36,0.54,2.261,1.5037,0.084,0.523,0.32,0.445,0.742,-0.021195,0.040194,0.00097
pi-,0.072,0.098,0.28,0.37,0.54,2,2.484,1.5761,0.084,0.575,0.324,0.678,0.685,-0.016288,0.050539,0.003583
pi-,0.072,0.098,0.37,0.49,0,0.23,1.818,1.3483,0.084,0.418,0.423,0.146,0.847,-0.005851,0.040382,0.005169
pi-,0.072,0.098,0.37,0.49,0.23,0.36,1.952,1.3971,0.084,0.448,0.424,0.292,0.819,0.095558,0.060216,0.006309
pi-,0.072,0.098,0.37,0.49,0.36,0.54,2.174,1.4744,0.084,0.502,0.424,0.442,0.767,-0.072665,0.064195,0.003766
pi-,0.072,0.098,0.37,0.49,0.54,2,2.369,1.5392,0.084,0.546,0.425,0.724,0.715,-0.032418,0.04511,0.007794
pi-,0.072,0.098,0.49,0.7,0,0.23,1.776,1.3327,0.084,0.407,0.579,0.148,0.856,-0.072237,0.046427,0.000312
pi-,0.072,0.098,0.49,0.7,0.23,0.36,1.849,1.3598,0.084,0.425,0.581,0.295,0.84,-0.034803,0.051382,0.011178
pi-,0.072,0.098,0.49,0.7,0.36,0.54,1.997,1.4132,0.084,0.461,0.582,0.442,0.808,0.020747,0.069028,0.000287
pi-,0.072,0.098,0.49,0.7,0.54,2,2.264,1.5047,0.084,0.524,0.58,0.751,0.743,-0.074602,0.051968,0.010423
pi-,0.098,0.138,0.2,0.28,0,0.23,2.857,1.6903,0.116,0.477,0.239,0.138,0.799,-0.003172,0.030976,8.80E-05
pi-,0.098,0.138,0.2,0.28,0.23,0.36,3.173,1.7813,0.116,0.531,0.238,0.292,0.743,0.003112,0.042662,0.002207
pi-,0.098,0.138,0.2,0.28,0.36,0.54,3.245,1.8014,0.115,0.545,0.239,0.442,0.724,-0.02029,0.041917,0.002243
pi-,0.098,0.138,0.2,0.28,0.54,2,3.539,1.8812,0.116,0.593,0.244,0.645,0.671,-0.061893,0.097201,0.02365
pi-,0.098,0.138,0.28,0.37,0,0.23,2.515,1.5859,0.116,0.42,0.321,0.144,0.844,-0.003551,0.031546,0.002707
pi-,0.098,0.138,0.28,0.37,0.23,0.36,2.771,1.6646,0.116,0.462,0.323,0.291,0.806,0.03771,0.049028,0.0005
pi-,0.098,0.138,0.28,0.37,0.36,0.54,2.983,1.7271,0.116,0.5,0.322,0.444,0.766,-0.040023,0.041786,0.001129
pi-,0.098,0.138,0.28,0.37,0.54,2,3.175,1.7819,0.116,0.532,0.324,0.675,0.732,-0.074442,0.057929,0.005225
pi-,0.098,0.138,0.37,0.49,0,0.23,2.391,1.5463,0.116,0.399,0.422,0.148,0.86,0.027715,0.036556,0.0011
pi-,0.098,0.138,0.37,0.49,0.23,0.36,2.477,1.5738,0.116,0.413,0.425,0.293,0.845,0.01137,0.043563,0.003881
pi-,0.098,0.138,0.37,0.49,0.36,0.54,2.798,1.6727,0.116,0.467,0.426,0.441,0.797,-0.040119,0.055179,0.002217
pi-,0.098,0.138,0.37,0.49,0.54,2,2.998,1.7315,0.115,0.504,0.424,0.716,0.756,-0.07704,0.048379,0.000729
pi-,0.098,0.138,0.49,0.7,0,0.23,2.368,1.5388,0.116,0.396,0.579,0.15,0.863,0.005657,0.042234,0.007128
pi-,0.098,0.138,0.49,0.7,0.23,0.36,2.387,1.545,0.116,0.399,0.577,0.295,0.859,0.007006,0.044035,0.002188
pi-,0.098,0.138,0.49,0.7,0.36,0.54,2.549,1.5966,0.116,0.426,0.583,0.441,0.834,0.01856,0.050835,0.005479
pi-,0.098,0.138,0.49,0.7,0.54,2,2.916,1.7076,0.115,0.49,0.581,0.747,0.774,-0.116633,0.051178,0.01136
pi-,0.138,0.6,0.2,0.28,0,0.23,4.912,2.2163,0.204,0.467,0.239,0.141,0.811,-0.032182,0.025233,0.001841
pi-,0.138,0.6,0.2,0.28,0.23,0.36,5.222,2.2852,0.212,0.486,0.24,0.29,0.79,-0.064521,0.036833,0.00057
pi-,0.138,0.6,0.2,0.28,0.36,0.54,5.184,2.2768,0.205,0.499,0.239,0.443,0.775,-0.017862,0.051169,0.00525
pi-,0.138,0.6,0.2,0.28,0.54,2,5.404,2.3247,0.211,0.509,0.243,0.645,0.767,-0.169898,0.145038,0.002708
pi-,0.138,0.6,0.28,0.37,0,0.23,4.413,2.1007,0.199,0.426,0.321,0.148,0.842,-0.021485,0.028058,0.001574
pi-,0.138,0.6,0.28,0.37,0.23,0.36,4.549,2.1328,0.208,0.426,0.322,0.291,0.839,-0.151698,0.036111,0.002552
pi-,0.138,0.6,0.28,0.37,0.36,0.54,4.804,2.1918,0.211,0.45,0.323,0.44,0.816,-0.050715,0.043355,0.001335
pi-,0.138,0.6,0.28,0.37,0.54,2,4.789,2.1884,0.204,0.464,0.324,0.679,0.802,-0.139101,0.075831,0.007051
pi-,0.138,0.6,0.37,0.49,0,0.23,4.265,2.0652,0.197,0.414,0.422,0.149,0.852,-0.050407,0.032817,0.006284
pi-,0.138,0.6,0.37,0.49,0.23,0.36,4.312,2.0765,0.203,0.41,0.424,0.294,0.852,-0.049119,0.036622,0.003061
pi-,0.138,0.6,0.37,0.49,0.36,0.54,4.588,2.142,0.212,0.423,0.425,0.438,0.84,-0.100972,0.043987,0.018947
pi-,0.138,0.6,0.37,0.49,0.54,2,4.78,2.1863,0.208,0.453,0.426,0.712,0.809,-0.143377,0.056335,0.00603
pi-,0.138,0.6,0.49,0.7,0,0.23,4.248,2.0611,0.197,0.413,0.574,0.152,0.852,0.031781,0.039796,0.011093
pi-,0.138,0.6,0.49,0.7,0.23,0.36,4.135,2.0335,0.198,0.4,0.574,0.295,0.861,-0.04128,0.041656,0.007106
pi-,0.138,0.6,0.49,0.7,0.36,0.54,4.247,2.0608,0.203,0.405,0.579,0.443,0.855,0.028183,0.041417,0.001252
pi-,0.138,0.6,0.49,0.7,0.54,2,4.666,2.1601,0.21,0.437,0.581,0.726,0.825,-0.205865,0.04948,0.000638
K+,0.023,0.072,0.2,0.28,0,0.23,1.476,1.2149,0.052,0.565,0.239,0.149,0.705,0.035715,0.123394,0.00258
K+,0.023,0.072,0.2,0.28,0.23,0.36,1.536,1.2394,0.048,0.638,0.237,0.297,0.612,0.082576,0.085953,0.000314
K+,0.023,0.072,0.2,0.28,0.36,0.54,1.553,1.2462,0.046,0.674,0.239,0.444,0.562,-0.015671,0.055129,0.003416
K+,0.023,0.072,0.2,0.28,0.54,2,1.593,1.2621,0.043,0.734,0.242,0.67,0.476,0.066125,0.081999,0.01466
K+,0.023,0.072,0.28,0.37,0,0.23,1.439,1.1996,0.054,0.529,0.321,0.15,0.747,0.015923,0.109275,0.0019
K+,0.023,0.072,0.28,0.37,0.23,0.36,1.511,1.2292,0.05,0.603,0.322,0.298,0.657,0.132891,0.168184,0.016925
K+,0.023,0.072,0.28,0.37,0.36,0.54,1.536,1.2394,0.047,0.645,0.322,0.448,0.601,0.127252,0.067854,0.010111
K+,0.023,0.072,0.28,0.37,0.54,2,1.562,1.2498,0.044,0.701,0.326,0.722,0.523,0.027117,0.058864,0.019845
K+,0.023,0.072,0.37,0.49,0,0.23,1.428,1.195,0.055,0.511,0.422,0.148,0.769,0.05636,0.098846,0.000165
K+,0.023,0.072,0.37,0.49,0.23,0.36,1.473,1.2137,0.052,0.557,0.424,0.297,0.713,0.201954,0.18998,0.027391
K+,0.023,0.072,0.37,0.49,0.36,0.54,1.513,1.23,0.05,0.608,0.424,0.449,0.651,0.243745,0.118427,0.046569
K+,0.023,0.072,0.37,0.49,0.54,2,1.556,1.2474,0.046,0.671,0.428,0.763,0.565,0.003102,0.056818,0.010588
K+,0.023,0.072,0.49,0.7,0,0.23,1.421,1.1921,0.057,0.493,0.572,0.15,0.787,-0.021967,0.111621,0.023026
K+,0.023,0.072,0.49,0.7,0.23,0.36,1.436,1.1983,0.054,0.534,0.573,0.298,0.74,-0.380008,0.172448,0.031875
K+,0.023,0.072,0.49,0.7,0.36,0.54,1.485,1.2186,0.051,0.587,0.576,0.452,0.675,0.071222,0.184964,0.027885
K+,0.023,0.072,0.49,0.7,0.54,2,1.53,1.2369,0.048,0.637,0.58,0.805,0.612,0.1038,0.065713,0.019301
K+,0.072,0.098,0.2,0.28,0,0.23,2.212,1.4873,0.084,0.508,0.241,0.142,0.77,-0.241117,0.113695,0.006288
K+,0.072,0.098,0.2,0.28,0.23,0.36,2.429,1.5585,0.084,0.562,0.24,0.295,0.709,-0.128751,0.105199,0.004048
K+,0.072,0.098,0.2,0.28,0.36,0.54,2.497,1.5802,0.084,0.578,0.241,0.44,0.683,-3.00E-06,0.096722,0.009562
K+,0.072,0.098,0.2,0.28,0.54,2,2.722,1.6498,0.084,0.63,0.244,0.652,0.624,0.02874,0.177645,0.037761
K+,0.072,0.098,0.28,0.37,0,0.23,1.982,1.4078,0.084,0.455,0.323,0.142,0.816,0.033119,0.088419,0.009299
K+,0.072,0.098,0.28,0.37,0.23,0.36,2.213,1.4876,0.084,0.51,0.324,0.293,0.762,-0.12716,0.157475,0.017581
K+,0.072,0.098,0.28,0.37,0.36,0.54,2.383,1.5437,0.084,0.55,0.324,0.446,0.714,-0.042191,0.09884,0.007196
K+,0.072,0.098,0.28,0.37,0.54,2,2.541,1.5941,0.084,0.587,0.327,0.69,0.669,0.176706,0.105531,0.01556
K+,0.072,0.098,0.37,0.49,0,0.23,1.878,1.3704,0.085,0.429,0.423,0.145,0.839,0.095272,0.076214,0.01348
K+,0.072,0.098,0.37,0.49,0.23,0.36,2.073,1.4398,0.084,0.475,0.425,0.294,0.795,0.094067,0.132654,0.006483
K+,0.072,0.098,0.37,0.49,0.36,0.54,2.231,1.4937,0.084,0.512,0.427,0.445,0.758,-0.27573,0.151444,0.015249
K+,0.072,0.098,0.37,0.49,0.54,2,2.443,1.563,0.084,0.566,0.43,0.735,0.695,-0.075795,0.086951,0.025997
K+,0.072,0.098,0.49,0.7,0,0.23,1.876,1.3697,0.085,0.427,0.577,0.15,0.842,0.019026,0.089273,0.01812
K+,0.072,0.098,0.49,0.7,0.23,0.36,1.943,1.3939,0.084,0.447,0.575,0.297,0.82,0.274732,0.110036,0.022697
K+,0.072,0.098,0.49,0.7,0.36,0.54,2.055,1.4335,0.085,0.47,0.583,0.446,0.798,0.067051,0.127362,0.032439
K+,0.072,0.098,0.49,0.7,0.54,2,2.331,1.5268,0.084,0.538,0.587,0.768,0.728,0.08413,0.091482,0.021411
K+,0.098,0.138,0.2,0.28,0,0.23,2.963,1.7213,0.116,0.494,0.241,0.139,0.785,-0.100624,0.088067,0.003025
K+,0.098,0.138,0.2,0.28,0.23,0.36,3.313,1.8202,0.116,0.554,0.239,0.29,0.718,0.02412,0.125362,0.01274
K+,0.098,0.138,0.2,0.28,0.36,0.54,3.251,1.8031,0.115,0.548,0.24,0.443,0.72,0.192038,0.110263,0.009773
K+,0.098,0.138,0.2,0.28,0.54,2,3.531,1.8791,0.115,0.596,0.245,0.65,0.664,0.151618,0.242325,0.049224
K+,0.098,0.138,0.28,0.37,0,0.23,2.642,1.6254,0.116,0.441,0.324,0.142,0.829,0.003676,0.067946,0.002382
K+,0.098,0.138,0.28,0.37,0.23,0.36,2.911,1.7062,0.116,0.485,0.326,0.292,0.787,0.078993,0.129519,0.016457
K+,0.098,0.138,0.28,0.37,0.36,0.54,3.076,1.7539,0.115,0.519,0.323,0.446,0.746,0.095367,0.098901,0.028534
K+,0.098,0.138,0.28,0.37,0.54,2,3.202,1.7894,0.116,0.535,0.327,0.682,0.726,0.075179,0.128138,0.046586
K+,0.098,0.138,0.37,0.49,0,0.23,2.541,1.5941,0.116,0.425,0.424,0.148,0.841,-0.057914,0.070271,0.011341
K+,0.098,0.138,0.37,0.49,0.23,0.36,2.661,1.6313,0.116,0.441,0.427,0.291,0.824,0.046274,0.088824,0.020327
K+,0.098,0.138,0.37,0.49,0.36,0.54,2.997,1.7312,0.117,0.497,0.428,0.442,0.773,0.103934,0.118561,0.012195
K+,0.098,0.138,0.37,0.49,0.54,2,3.209,1.7914,0.115,0.539,0.428,0.716,0.723,0.04312,0.093528,0.022804
K+,0.098,0.138,0.49,0.7,0,0.23,2.471,1.5719,0.116,0.412,0.574,0.15,0.851,0.012061,0.076024,0.020969
K+,0.098,0.138,0.49,0.7,0.23,0.36,2.502,1.5818,0.116,0.418,0.577,0.296,0.845,0.128095,0.086341,0.01887
K+,0.098,0.138,0.49,0.7,0.36,0.54,2.701,1.6435,0.116,0.451,0.583,0.443,0.815,0.088469,0.092495,0.017536
K+,0.098,0.138,0.49,0.7,0.54,2,3.061,1.7496,0.115,0.514,0.588,0.752,0.752,0.130414,0.089442,0.027669
K+,0.138,0.6,0.2,0.28,0,0.23,5.151,2.2696,0.207,0.485,0.242,0.138,0.795,0.025855,0.065281,0.017937
K+,0.138,0.6,0.2,0.28,0.23,0.36,5.33,2.3087,0.208,0.505,0.243,0.292,0.773,0.055924,0.101138,0.004244
K+,0.138,0.6,0.2,0.28,0.36,0.54,5.061,2.2497,0.196,0.508,0.241,0.445,0.765,0.088435,0.133003,0.022602
K+,0.138,0.6,0.2,0.28,0.54,2,5.219,2.2845,0.211,0.493,0.246,0.645,0.779,-0.417045,0.316649,0.053034
K+,0.138,0.6,0.28,0.37,0,0.23,4.765,2.1829,0.204,0.449,0.323,0.142,0.825,0.037853,0.056346,0.004741
K+,0.138,0.6,0.28,0.37,0.23,0.36,5.007,2.2376,0.211,0.462,0.325,0.289,0.81,0.061363,0.075765,0.016063
K+,0.138,0.6,0.28,0.37,0.36,0.54,5.042,2.2454,0.203,0.488,0.325,0.443,0.783,0.063164,0.088828,7.00E-05
K+,0.138,0.6,0.28,0.37,0.54,2,4.694,2.1666,0.198,0.464,0.327,0.681,0.798,0.147585,0.152329,0.007149
K+,0.138,0.6,0.37,0.49,0,0.23,4.63,2.1517,0.204,0.435,0.424,0.15,0.836,0.077743,0.05662,0.004103
K+,0.138,0.6,0.37,0.49,0.23,0.36,4.625,2.1506,0.204,0.437,0.425,0.292,0.831,0.140204,0.063814,0.010874
K+,0.138,0.6,0.37,0.49,0.36,0.54,4.91,2.2159,0.21,0.458,0.426,0.439,0.812,0.075704,0.071965,0.006523
K+,0.138,0.6,0.37,0.49,0.54,2,5.023,2.2412,0.204,0.483,0.428,0.707,0.784,-0.023253,0.095933,0.010413
K+,0.138,0.6,0.49,0.7,0,0.23,4.546,2.1321,0.204,0.426,0.576,0.149,0.843,-0.000969,0.065417,0.009839
K+,0.138,0.6,0.49,0.7,0.23,0.36,4.517,2.1253,0.206,0.422,0.577,0.296,0.844,0.109395,0.065909,0.000125
K+,0.138,0.6,0.49,0.7,0.36,0.54,4.628,2.1513,0.207,0.435,0.583,0.443,0.831,0.176348,0.062508,0.002217
K+,0.138,0.6,0.49,0.7,0.54,2,5.056,2.2486,0.21,0.473,0.589,0.731,0.796,0.204339,0.071024,0.015485
K-,0.023,0.072,0.2,0.28,0,0.23,1.478,1.2157,0.051,0.575,0.236,0.152,0.692,-0.109144,0.175392,0.019038
K-,0.023,0.072,0.2,0.28,0.23,0.36,1.513,1.23,0.047,0.646,0.236,0.298,0.601,-0.193449,0.097294,0.010901
K-,0.023,0.072,0.2,0.28,0.36,0.54,1.54,1.241,0.045,0.684,0.237,0.444,0.547,0.078508,0.071507,0.000559
K-,0.023,0.072,0.2,0.28,0.54,2,1.61,1.2689,0.043,0.744,0.242,0.666,0.461,-0.106644,0.10601,0.001641
K-,0.023,0.072,0.28,0.37,0,0.23,1.447,1.2029,0.053,0.537,0.319,0.151,0.738,-0.29388,0.145818,0.001104
K-,0.023,0.072,0.28,0.37,0.23,0.36,1.501,1.2252,0.049,0.608,0.32,0.296,0.65,0.037292,0.237917,0.032839
K-,0.023,0.072,0.28,0.37,0.36,0.54,1.513,1.23,0.047,0.644,0.319,0.449,0.602,0.055519,0.091011,0.01475
K-,0.023,0.072,0.28,0.37,0.54,2,1.561,1.2494,0.044,0.701,0.324,0.724,0.523,0.111004,0.080753,0.000194
K-,0.023,0.072,0.37,0.49,0,0.23,1.403,1.1845,0.054,0.513,0.424,0.146,0.768,-0.117796,0.156242,0.019464
K-,0.023,0.072,0.37,0.49,0.23,0.36,1.478,1.2157,0.051,0.579,0.422,0.298,0.689,0.069569,0.258575,0.014724
K-,0.023,0.072,0.37,0.49,0.36,0.54,1.526,1.2353,0.049,0.622,0.423,0.448,0.633,0.273808,0.167443,0.000768
K-,0.023,0.072,0.37,0.49,0.54,2,1.54,1.241,0.045,0.674,0.425,0.77,0.562,-0.087697,0.082064,0.003948
K-,0.023,0.072,0.49,0.7,0,0.23,1.414,1.1891,0.055,0.508,0.562,0.151,0.771,-0.297084,0.176325,0.007536
K-,0.023,0.072,0.49,0.7,0.23,0.36,1.443,1.2012,0.052,0.55,0.566,0.298,0.721,0.073466,0.233024,0.009858
K-,0.023,0.072,0.49,0.7,0.36,0.54,1.49,1.2207,0.05,0.595,0.572,0.446,0.664,-0.273778,0.28412,0.002542
K-,0.023,0.072,0.49,0.7,0.54,2,1.535,1.239,0.046,0.662,0.569,0.799,0.578,0.145795,0.110027,0.011089
K-,0.072,0.098,0.2,0.28,0,0.23,2.181,1.4768,0.084,0.503,0.239,0.139,0.775,-0.018279,0.160932,0.016416
K-,0.072,0.098,0.2,0.28,0.23,0.36,2.455,1.5668,0.084,0.568,0.237,0.294,0.701,0.148435,0.171166,0.026135
K-,0.072,0.098,0.2,0.28,0.36,0.54,2.538,1.5931,0.084,0.586,0.237,0.44,0.677,0.154219,0.127669,0.003809
K-,0.072,0.098,0.2,0.28,0.54,2,2.751,1.6586,0.084,0.637,0.242,0.648,0.614,0.0047,0.243592,0.015602
K-,0.072,0.098,0.28,0.37,0,0.23,1.951,1.3968,0.084,0.448,0.323,0.138,0.824,0.119454,0.12053,0.005556
K-,0.072,0.098,0.28,0.37,0.23,0.36,2.238,1.496,0.084,0.518,0.322,0.292,0.752,0.156025,0.264444,0.0286
K-,0.072,0.098,0.28,0.37,0.36,0.54,2.397,1.5482,0.084,0.555,0.321,0.444,0.712,-0.003485,0.138993,0.016107
K-,0.072,0.098,0.28,0.37,0.54,2,2.478,1.5742,0.084,0.573,0.324,0.693,0.689,-0.306968,0.164697,0.006425
K-,0.072,0.098,0.37,0.49,0,0.23,1.844,1.3579,0.084,0.426,0.424,0.143,0.842,0.063327,0.127252,0.002478
K-,0.072,0.098,0.37,0.49,0.23,0.36,2.059,1.4349,0.084,0.475,0.424,0.294,0.794,0.367003,0.198098,0.004849
K-,0.072,0.098,0.37,0.49,0.36,0.54,2.27,1.5067,0.083,0.528,0.424,0.443,0.743,0.267242,0.224777,0.015106
K-,0.072,0.098,0.37,0.49,0.54,2,2.452,1.5659,0.084,0.566,0.423,0.727,0.695,-0.056141,0.140205,0.007372
K-,0.072,0.098,0.49,0.7,0,0.23,1.888,1.374,0.085,0.431,0.567,0.15,0.837,-0.022116,0.161508,0.020823
K-,0.072,0.098,0.49,0.7,0.23,0.36,2.003,1.4153,0.085,0.455,0.57,0.295,0.811,0.309494,0.173809,0.004588
K-,0.072,0.098,0.49,0.7,0.36,0.54,2.159,1.4694,0.084,0.495,0.577,0.44,0.775,0.393351,0.245791,0.038384
K-,0.072,0.098,0.49,0.7,0.54,2,2.416,1.5543,0.084,0.556,0.57,0.772,0.707,-0.080053,0.157016,0.019771
K-,0.098,0.138,0.2,0.28,0,0.23,3.018,1.7372,0.116,0.505,0.24,0.138,0.774,-0.083761,0.132264,0.006616
K-,0.098,0.138,0.2,0.28,0.23,0.36,3.264,1.8067,0.115,0.549,0.241,0.29,0.727,-0.235388,0.212498,0.028813
K-,0.098,0.138,0.2,0.28,0.36,0.54,3.304,1.8177,0.115,0.556,0.238,0.444,0.713,0.127022,0.154815,0.011787
K-,0.098,0.138,0.2,0.28,0.54,2,3.608,1.8995,0.115,0.607,0.243,0.649,0.655,0.34325,0.307004,0.052348
K-,0.098,0.138,0.28,0.37,0,0.23,2.692,1.6407,0.116,0.45,0.323,0.142,0.819,-0.050054,0.114731,0.000256
K-,0.098,0.138,0.28,0.37,0.23,0.36,2.984,1.7274,0.116,0.501,0.322,0.294,0.769,0.241989,0.207581,0.002991
K-,0.098,0.138,0.28,0.37,0.36,0.54,3.056,1.7481,0.115,0.516,0.324,0.45,0.75,-0.074329,0.15118,0.003387
K-,0.098,0.138,0.28,0.37,0.54,2,3.341,1.8278,0.116,0.559,0.324,0.694,0.703,-0.14103,0.178788,0.015002
K-,0.098,0.138,0.37,0.49,0,0.23,2.424,1.5569,0.115,0.408,0.423,0.149,0.854,-0.218467,0.117479,0.014326
K-,0.098,0.138,0.37,0.49,0.23,0.36,2.693,1.641,0.117,0.447,0.427,0.293,0.819,0.290078,0.162166,0.008779
K-,0.098,0.138,0.37,0.49,0.36,0.54,2.941,1.7149,0.116,0.491,0.428,0.442,0.778,0.039716,0.204536,0.036533
K-,0.098,0.138,0.37,0.49,0.54,2,3.193,1.7869,0.114,0.54,0.424,0.741,0.723,0.156392,0.148682,0.001653
K-,0.098,0.138,0.49,0.7,0,0.23,2.433,1.5598,0.115,0.407,0.563,0.149,0.854,-0.030968,0.153694,0.000949
K-,0.098,0.138,0.49,0.7,0.23,0.36,2.469,1.5713,0.115,0.416,0.572,0.295,0.848,0.071715,0.161523,0.004123
K-,0.098,0.138,0.49,0.7,0.36,0.54,2.717,1.6483,0.116,0.453,0.577,0.435,0.813,-0.100701,0.179311,0.009221
K-,0.098,0.138,0.49,0.7,0.54,2,3.078,1.7544,0.115,0.517,0.574,0.764,0.75,-0.002181,0.190502,0.007732
K-,0.138,0.6,0.2,0.28,0,0.23,4.976,2.2307,0.201,0.481,0.241,0.144,0.8,0.02335,0.091186,0.004522
K-,0.138,0.6,0.2,0.28,0.23,0.36,5.298,2.3017,0.206,0.507,0.241,0.29,0.77,-0.034155,0.145472,0.003445
K-,0.138,0.6,0.2,0.28,0.36,0.54,5.317,2.3059,0.204,0.518,0.239,0.449,0.757,0.309388,0.165842,0.029568
K-,0.138,0.6,0.2,0.28,0.54,2,5.439,2.3322,0.205,0.527,0.245,0.663,0.747,0.375295,0.39288,0.102797
K-,0.138,0.6,0.28,0.37,0,0.23,4.708,2.1698,0.203,0.451,0.322,0.146,0.822,0.082428,0.094044,0.01674
K-,0.138,0.6,0.28,0.37,0.23,0.36,4.918,2.2177,0.209,0.462,0.325,0.291,0.809,0.21707,0.119381,0.02317
K-,0.138,0.6,0.28,0.37,0.36,0.54,4.901,2.2138,0.205,0.473,0.325,0.441,0.795,-0.272372,0.143165,0.036994
K-,0.138,0.6,0.28,0.37,0.54,2,5.068,2.2512,0.2,0.503,0.324,0.691,0.765,0.00053,0.209193,0.082977
K-,0.138,0.6,0.37,0.49,0,0.23,4.35,2.0857,0.195,0.43,0.42,0.149,0.839,0.013899,0.117961,0.000924
K-,0.138,0.6,0.37,0.49,0.23,0.36,4.489,2.1187,0.205,0.422,0.423,0.293,0.843,-0.169984,0.126236,0.003895
K-,0.138,0.6,0.37,0.49,0.36,0.54,4.75,2.1794,0.207,0.45,0.426,0.437,0.817,0.035521,0.132953,0.003641
K-,0.138,0.6,0.37,0.49,0.54,2,4.868,2.2064,0.203,0.474,0.425,0.728,0.792,-0.123101,0.171929,0.0438
K-,0.138,0.6,0.49,0.7,0,0.23,4.392,2.0957,0.196,0.432,0.562,0.154,0.839,-0.149305,0.142563,0.021044
K-,0.138,0.6,0.49,0.7,0.23,0.36,4.353,2.0864,0.201,0.419,0.571,0.294,0.846,0.288378,0.163398,0.016135
K-,0.138,0.6,0.49,0.7,0.36,0.54,4.56,2.1354,0.207,0.429,0.577,0.44,0.838,-0.104521,0.138045,0.011258
K-,0.138,0.6,0.49,0.7,0.54,2,4.851,2.2025,0.204,0.47,0.579,0.735,0.796,0.042448,0.157695,0.029219
prot,0.023,0.073,0.2,0.34,0,0.24,1.604,1.2665,0.048,0.656,0.281,0.167,0.598,0.124268,0.207001,0.017177
prot,0.023,0.073,0.2,0.34,0.24,0.4,1.612,1.2696,0.045,0.698,0.274,0.327,0.535,-0.049043,0.097889,0.009771
prot,0.023,0.073,0.2,0.34,0.4,0.57,1.604,1.2665,0.044,0.713,0.271,0.483,0.512,0.00029,0.061514,0.003029
prot,0.023,0.073,0.2,0.34,0.57,2,1.601,1.2653,0.043,0.734,0.276,0.728,0.48,0.034252,0.060814,0.014198
prot,0.023,0.073,0.34,0.43,0,0.24,1.479,1.2161,0.053,0.544,0.384,0.157,0.736,-0.047721,0.12206,0.005655
prot,0.023,0.073,0.34,0.43,0.24,0.4,1.511,1.2292,0.05,0.603,0.384,0.322,0.659,0.244061,0.201259,0.008944
prot,0.023,0.073,0.34,0.43,0.4,0.57,1.543,1.2422,0.049,0.632,0.383,0.483,0.62,0.048129,0.098308,0.010929
prot,0.023,0.073,0.34,0.43,0.57,2,1.544,1.2426,0.046,0.669,0.384,0.766,0.568,-0.087831,0.0626,0.008289
prot,0.023,0.073,0.43,0.52,0,0.24,1.43,1.1958,0.056,0.503,0.473,0.159,0.777,-0.035251,0.118986,0.034282
prot,0.023,0.073,0.43,0.52,0.24,0.4,1.467,1.2112,0.052,0.567,0.471,0.322,0.699,-0.25226,0.204047,0.001608
prot,0.023,0.073,0.43,0.52,0.4,0.57,1.503,1.226,0.05,0.597,0.472,0.481,0.663,0.038336,0.174909,0.02628
prot,0.023,0.073,0.43,0.52,0.57,2,1.518,1.2321,0.047,0.641,0.471,0.796,0.604,-0.033075,0.077363,0.005245
prot,0.023,0.073,0.52,0.7,0,0.24,1.404,1.1849,0.057,0.487,0.588,0.153,0.795,-0.105326,0.131509,0.000452
prot,0.023,0.073,0.52,0.7,0.24,0.4,1.448,1.2033,0.055,0.527,0.587,0.321,0.747,-0.327799,0.190702,0.007061
prot,0.023,0.073,0.52,0.7,0.4,0.57,1.46,1.2083,0.052,0.561,0.589,0.482,0.707,0.355565,0.223683,0.009581
prot,0.023,0.073,0.52,0.7,0.57,2,1.502,1.2256,0.049,0.607,0.591,0.808,0.649,0.147207,0.084968,0.014787
prot,0.073,0.107,0.2,0.34,0,0.24,2.828,1.6817,0.089,0.617,0.293,0.158,0.653,-0.20521,0.191626,0.022467
prot,0.073,0.107,0.2,0.34,0.24,0.4,2.913,1.7068,0.088,0.638,0.285,0.321,0.624,0.020735,0.189694,0.025525
prot,0.073,0.107,0.2,0.34,0.4,0.57,3.012,1.7355,0.088,0.661,0.279,0.481,0.592,0.009033,0.11543,0.01426
prot,0.073,0.107,0.2,0.34,0.57,2,3.028,1.7401,0.088,0.666,0.282,0.718,0.584,-0.084441,0.115265,0.028658
prot,0.073,0.107,0.34,0.43,0,0.24,2.34,1.5297,0.089,0.509,0.385,0.148,0.775,-0.002252,0.098231,0.021552
prot,0.073,0.107,0.34,0.43,0.24,0.4,2.49,1.578,0.088,0.545,0.385,0.317,0.732,0.090677,0.173428,0.022985
prot,0.073,0.107,0.34,0.43,0.4,0.57,2.528,1.59,0.088,0.558,0.385,0.48,0.717,-0.114824,0.135584,0.031662
prot,0.073,0.107,0.34,0.43,0.57,2,2.634,1.623,0.088,0.575,0.385,0.744,0.694,0.140092,0.099901,0.016817
prot,0.073,0.107,0.43,0.52,0,0.24,2.096,1.4478,0.089,0.458,0.473,0.155,0.817,-0.069837,0.093989,0.018684
prot,0.073,0.107,0.43,0.52,0.24,0.4,2.22,1.49,0.088,0.485,0.473,0.319,0.789,0.203899,0.129635,0.028391
prot,0.073,0.107,0.43,0.52,0.4,0.57,2.339,1.5294,0.088,0.515,0.474,0.477,0.759,-0.064308,0.172198,0.055701
prot,0.073,0.107,0.43,0.52,0.57,2,2.454,1.5665,0.088,0.538,0.472,0.773,0.731,-0.163218,0.106027,0.014416
prot,0.073,0.107,0.52,0.7,0,0.24,1.893,1.3759,0.089,0.41,0.592,0.156,0.856,-0.014655,0.090245,0.004501
prot,0.073,0.107,0.52,0.7,0.24,0.4,1.954,1.3979,0.089,0.427,0.593,0.32,0.839,-0.123116,0.097028,0.00401
prot,0.073,0.107,0.52,0.7,0.4,0.57,2.053,1.4328,0.088,0.45,0.594,0.481,0.817,-0.03189,0.153566,0.005642
prot,0.073,0.107,0.52,0.7,0.57,2,2.243,1.4977,0.088,0.494,0.598,0.781,0.772,0.165738,0.10456,0.01317
prot,0.107,0.157,0.2,0.34,0,0.24,3.97,1.9925,0.128,0.6,0.295,0.156,0.677,-0.298815,0.160646,0.018101
prot,0.107,0.157,0.2,0.34,0.24,0.4,4.131,2.0325,0.129,0.622,0.288,0.321,0.648,-0.350406,0.195087,0.010644
prot,0.107,0.157,0.2,0.34,0.4,0.57,4.272,2.0669,0.128,0.644,0.283,0.481,0.617,-0.036419,0.13348,0.000575
prot,0.107,0.157,0.2,0.34,0.57,2,4.244,2.0601,0.127,0.646,0.288,0.719,0.613,-0.114969,0.164175,0.023501
prot,0.107,0.157,0.34,0.43,0,0.24,3.379,1.8382,0.13,0.504,0.387,0.152,0.78,-0.27401,0.091749,0.004145
prot,0.107,0.157,0.34,0.43,0.24,0.4,3.478,1.8649,0.129,0.523,0.388,0.316,0.759,0.028693,0.129275,0.049543
prot,0.107,0.157,0.34,0.43,0.4,0.57,3.685,1.9196,0.128,0.555,0.386,0.477,0.722,0.024135,0.147409,0.010535
prot,0.107,0.157,0.34,0.43,0.57,2,3.705,1.9248,0.127,0.563,0.385,0.754,0.712,0.181587,0.139862,0.014412
prot,0.107,0.157,0.43,0.52,0,0.24,3.058,1.7487,0.129,0.457,0.474,0.156,0.82,0.080553,0.085383,0.013403
prot,0.107,0.157,0.43,0.52,0.24,0.4,3.14,1.772,0.13,0.469,0.475,0.317,0.807,-0.095795,0.101266,0.013331
prot,0.107,0.157,0.43,0.52,0.4,0.57,3.286,1.8127,0.129,0.492,0.472,0.478,0.784,-0.17882,0.152114,0.008805
prot,0.107,0.157,0.43,0.52,0.57,2,3.452,1.858,0.128,0.524,0.473,0.771,0.747,-0.072017,0.130082,0.012103
prot,0.107,0.157,0.52,0.7,0,0.24,2.75,1.6583,0.129,0.413,0.594,0.154,0.852,-0.045241,0.085868,0.00346
prot,0.107,0.157,0.52,0.7,0.24,0.4,2.771,1.6646,0.129,0.415,0.594,0.32,0.848,0.058546,0.084518,0.013309
prot,0.107,0.157,0.52,0.7,0.4,0.57,2.846,1.687,0.13,0.425,0.602,0.479,0.84,0.030365,0.114833,0.009307
prot,0.107,0.157,0.52,0.7,0.57,2,3.172,1.781,0.129,0.476,0.602,0.769,0.788,-0.113014,0.110734,0.017137
prot,0.157,0.6,0.2,0.34,0,0.24,6.647,2.5782,0.229,0.566,0.301,0.155,0.717,0.058968,0.11632,0.030745
prot,0.157,0.6,0.2,0.34,0.24,0.4,6.49,2.5475,0.219,0.579,0.298,0.317,0.703,-0.086275,0.15254,0.026955
prot,0.157,0.6,0.2,0.34,0.4,0.57,6.541,2.5575,0.211,0.608,0.29,0.476,0.664,-0.340832,0.170717,0.000539
prot,0.157,0.6,0.2,0.34,0.57,2,6.594,2.5679,0.216,0.597,0.292,0.719,0.678,0.052353,0.251468,0.012192
prot,0.157,0.6,0.34,0.43,0,0.24,5.837,2.416,0.231,0.492,0.386,0.154,0.793,-0.01178,0.075714,0.007372
prot,0.157,0.6,0.34,0.43,0.24,0.4,5.958,2.4409,0.233,0.499,0.387,0.315,0.786,-0.065714,0.086862,0.024197
prot,0.157,0.6,0.34,0.43,0.4,0.57,5.97,2.4434,0.23,0.509,0.389,0.473,0.774,-0.054856,0.126659,0.009066
prot,0.157,0.6,0.34,0.43,0.57,2,6.104,2.4706,0.235,0.511,0.386,0.764,0.771,-0.139488,0.178564,0.050009
prot,0.157,0.6,0.43,0.52,0,0.24,5.223,2.2854,0.228,0.444,0.474,0.153,0.833,-0.023324,0.075823,0.021162
prot,0.157,0.6,0.43,0.52,0.24,0.4,5.384,2.3203,0.234,0.45,0.473,0.316,0.826,-0.003886,0.079208,0.040812
prot,0.157,0.6,0.43,0.52,0.4,0.57,5.475,2.3399,0.234,0.458,0.476,0.476,0.818,0.038597,0.111636,0.04195
prot,0.157,0.6,0.43,0.52,0.57,2,5.603,2.3671,0.237,0.467,0.476,0.756,0.805,-0.025973,0.158869,0.039574
prot,0.157,0.6,0.52,0.7,0,0.24,4.947,2.2242,0.223,0.426,0.593,0.156,0.844,-0.181942,0.078536,0.010041
prot,0.157,0.6,0.52,0.7,0.24,0.4,4.886,2.2104,0.229,0.411,0.594,0.319,0.855,-0.033496,0.08035,4.70E-05
prot,0.157,0.6,0.52,0.7,0.4,0.57,4.877,2.2084,0.231,0.411,0.599,0.479,0.853,-0.157226,0.095029,0.012871
prot,0.157,0.6,0.52,0.7,0.57,2,5.074,2.2526,0.233,0.427,0.604,0.749,0.837,-0.104407,0.121585,0.028935